{
  "x": 748.6500244140625,
  "y": 70,
  "width": 94.91667175292967,
  "height": 52
}