{
  "x": 961,
  "y": 9229.783203125,
  "width": 83.94999694824219,
  "height": 22
}